{
  "parent": "minecraft:recipes/root",
  "criteria": {
    "has_mahogany_planks": {
      "conditions": {
        "items": [
          {
            "items": "biomeswevegone:mahogany_planks"
          }
        ]
      },
      "trigger": "minecraft:inventory_changed"
    },
    "has_the_recipe": {
      "conditions": {
        "recipe": "biomeswevegone:mahogany_crafting_table"
      },
      "trigger": "minecraft:recipe_unlocked"
    }
  },
  "requirements": [
    [
      "has_the_recipe",
      "has_mahogany_planks"
    ]
  ],
  "rewards": {
    "recipes": [
      "biomeswevegone:mahogany_crafting_table"
    ]
  }
}