{
  "parent": "minecraft:recipes/root",
  "criteria": {
    "has_stripped_logs": {
      "conditions": {
        "items": [
          {
            "items": "biomeswevegone:stripped_maple_log"
          }
        ]
      },
      "trigger": "minecraft:inventory_changed"
    },
    "has_the_recipe": {
      "conditions": {
        "recipe": "biomeswevegone:maple_hanging_sign"
      },
      "trigger": "minecraft:recipe_unlocked"
    }
  },
  "requirements": [
    [
      "has_the_recipe",
      "has_stripped_logs"
    ]
  ],
  "rewards": {
    "recipes": [
      "biomeswevegone:maple_hanging_sign"
    ]
  }
}