{
  "parent": "minecraft:recipes/root",
  "criteria": {
    "has_logs": {
      "conditions": {
        "items": [
          {
            "items": "#biomeswevegone:palo_verde_logs"
          }
        ]
      },
      "trigger": "minecraft:inventory_changed"
    },
    "has_the_recipe": {
      "conditions": {
        "recipe": "biomeswevegone:birch_planks_from_palo_verde_logs"
      },
      "trigger": "minecraft:recipe_unlocked"
    }
  },
  "requirements": [
    [
      "has_the_recipe",
      "has_logs"
    ]
  ],
  "rewards": {
    "recipes": [
      "biomeswevegone:birch_planks_from_palo_verde_logs"
    ]
  }
}