{
  "parent": "minecraft:recipes/root",
  "criteria": {
    "has_smooth_blue_sandstone": {
      "conditions": {
        "items": [
          {
            "items": "biomeswevegone:smooth_blue_sandstone"
          }
        ]
      },
      "trigger": "minecraft:inventory_changed"
    },
    "has_the_recipe": {
      "conditions": {
        "recipe": "biomeswevegone:smooth_blue_sandstone_slab"
      },
      "trigger": "minecraft:recipe_unlocked"
    }
  },
  "requirements": [
    [
      "has_the_recipe",
      "has_smooth_blue_sandstone"
    ]
  ],
  "rewards": {
    "recipes": [
      "biomeswevegone:smooth_blue_sandstone_slab"
    ]
  }
}