{
  "parent": "minecraft:recipes/root",
  "criteria": {
    "has_chiseled_white_sandstone": {
      "conditions": {
        "items": [
          {
            "items": "biomeswevegone:chiseled_white_sandstone"
          }
        ]
      },
      "trigger": "minecraft:inventory_changed"
    },
    "has_cut_white_sandstone": {
      "conditions": {
        "items": [
          {
            "items": "biomeswevegone:cut_white_sandstone"
          }
        ]
      },
      "trigger": "minecraft:inventory_changed"
    },
    "has_the_recipe": {
      "conditions": {
        "recipe": "biomeswevegone:white_sandstone_stairs"
      },
      "trigger": "minecraft:recipe_unlocked"
    },
    "has_white_sandstone": {
      "conditions": {
        "items": [
          {
            "items": "biomeswevegone:white_sandstone"
          }
        ]
      },
      "trigger": "minecraft:inventory_changed"
    }
  },
  "requirements": [
    [
      "has_the_recipe",
      "has_white_sandstone",
      "has_chiseled_white_sandstone",
      "has_cut_white_sandstone"
    ]
  ],
  "rewards": {
    "recipes": [
      "biomeswevegone:white_sandstone_stairs"
    ]
  }
}